<YafBBCodeList>
  <YafBBCode>
    <Name>YOUTUBE</Name>
    <Description>[YOUTUBE][localization=YOUTUBEMOD_DESCRIPTION]Put YouTube URL Here[/localization][/YOUTUBE]</Description>
    <OnClickJS />
    <DisplayJS />
    <EditJS />
    <DisplayCSS />
    <SearchRegex>\[youtube\](?&lt;inner&gt;http://(?&lt;prefix&gt;[A-Za-z][A-Za-z][A-Za-z]?\.)?youtube.com/watch\?v=(?&lt;id&gt;[0-9A-Za-z-_]{11}))[^[]*\[/youtube\]</SearchRegex>
    <ReplaceRegex>&lt;!-- BEGIN youtube --&gt;&lt;object width="425" height="350"&gt;&lt;param name="movie" value="http://${prefix}youtube.com/v/${id}"&gt;&lt;/param&gt;&lt;embed src="http://${prefix}youtube.com/v/${id}" type="application/x-shockwave-flash" width="425" height="350"&gt;&lt;/embed&gt;&lt;/object&gt;&lt;!-- END youtube --&gt;</ReplaceRegex>
    <Variables>id;prefix</Variables>
    <UseModule>false</UseModule>
    <ModuleClass />
    <ExecOrder>1</ExecOrder>
  </YafBBCode>
  <YafBBCode>
    <Name>GOOGLEWIDGET</Name>
    <Description>[GOOGLEWIDGET]&amp;lt;script src=&amp;quot;url&amp;quot;&amp;gt;&amp;lt;/script&amp;gt;[/GOOGLEWIDGET]</Description>
    <OnClickJS />
    <DisplayJS />
    <EditJS />
    <DisplayCSS />
    <SearchRegex>\[googlewidget\]\&amp;lt\;script src\=\&amp;quot\;(?&lt;inner&gt;http://(?&lt;prefix&gt;[A-Za-z][A-Za-z][A-Za-z]?\.)?gmodules.com\/ig\/ifr\?(?&lt;url&gt;.+?))\&amp;quot\;\&amp;gt\;\&amp;lt\;/script\&amp;gt\;\[/googlewidget\]</SearchRegex>
    <ReplaceRegex>&lt;!-- BEGIN Google Widget --&gt;
&lt;script type="text/javascript" src="http://${prefix}gmodules.com/ig/ifr?${url}"&gt;&lt;/script&gt;
&lt;!-- END Google Widget --&gt;</ReplaceRegex>
    <Variables>url:decode;prefix</Variables>
    <UseModule>false</UseModule>
    <ModuleClass />
    <ExecOrder>1</ExecOrder>
  </YafBBCode>
  <YafBBCode>
    <Name>SPOILER</Name>
    <Description>[SPOILER][localization=SPOILERMOD_DESCRIPTION]Put Spoiler Text Here[/localization][/SPOILER]</Description>
    <OnClickJS />
    <DisplayJS>      function toggleSpoiler(btn, elid)
      {
      var el = document.getElementById(elid);
      if (el == null)
      return;
      if (el.style.display == '')
      {
      el.style.display = 'none';
      btn.value='[localization=SPOILERMOD_SHOW]Show Spoiler[/localization]';
      }
      else
      {
      el.style.display = '';
      btn.value='[localization=SPOILERMOD_HIDE]Hide Spoiler[/localization]';
      }
      }
    </DisplayJS>
    <EditJS />
    <DisplayCSS>      .spoilerbox
      {
      margin: 5px;
      padding: 4px;
      background-color: #eeeeee;
      border: solid 1px #808080;
      color: #000000;
      }
    </DisplayCSS>
    <SearchRegex>\[spoiler\](?&lt;inner&gt;.+?)\[\/spoiler\]</SearchRegex>
    <ReplaceRegex />
    <Variables />
    <UseModule>true</UseModule>
    <ModuleClass>YAF.Modules.SpoilerBBCodeModule</ModuleClass>
    <ExecOrder>50</ExecOrder>
  </YafBBCode>
  <YafBBCode>
    <Name>USERLINK</Name>
    <Description>[USERLINK][localization=USERLINKMOD_DESCRIPTION]Put User Name Here[/localization][/USERLINK]</Description>
    <OnClickJS />
    <DisplayJS />
    <EditJS />
    <DisplayCSS>.yafnet .userLinkContainer
{
    background: url(resources/icons/user.png) #fff no-repeat 4px 50%;
    border: 1px solid #eee;
    padding: 4px 2px 4px 25px;
    margin: 3px;
    font-size: 80%;
    font-weight: bold;    
    background-color: #fff;
    -webkit-border-radius: 4px;
	-moz-border-radius: 4px;
	border-radius: 4px;	    
}

.yafnet .userLinkContainer:hover
{
    border: 1px solid #ddd;
    background-color: #eee;
}</DisplayCSS>
    <SearchRegex>\[userlink\](?&lt;inner&gt;.+?)\[\/userlink\]</SearchRegex>
    <ReplaceRegex />
    <Variables />
    <UseModule>true</UseModule>
    <ModuleClass>YAF.Modules.UserLinkBBCodeModule</ModuleClass>
    <ExecOrder>75</ExecOrder>
  </YafBBCode>
</YafBBCodeList>