<?xml version="1.0" encoding="utf-8" ?>
<Resources theme="YAF Mobile" dir="Yafmobile" ismobile="true">
	<page name="THEME">
		<Resource tag="CREDIT">Yaf Mobile Theme</Resource>
	</page>
	<page name="ICONS">
		<Resource tag="PM">~/icon_pm.png</Resource>
		<Resource tag="EMAIL">~/icon_email.png</Resource>
		<Resource tag="HOME">~/icon_home.png</Resource>
		<Resource tag="BLOG">~/icon_blog.png</Resource>
		<Resource tag="MSN">~/icon_msn.png</Resource>
		<Resource tag="AIM">~/icon_aim.png</Resource>
		<Resource tag="YIM">~/icon_yahoo.png</Resource>
		<Resource tag="ICQ">~/icon_icq.png</Resource>
		<Resource tag="SKYPE">~/icon_skype.png</Resource>
		<Resource tag="SEARCH">~/icon_search.png</Resource>
		<Resource tag="TOPIC_NEW">~/topic_new.png</Resource>
		<Resource tag="TOPIC">~/topic.png</Resource>
		<Resource tag="TOPIC_ANNOUNCEMENT">~/topic_announce.png</Resource>
		<Resource tag="TOPIC_ANNOUNCEMENT_NEW">~/topic_announce_new.png</Resource>
		<Resource tag="TOPIC_NEW_LOCKED">~/topic_lock_new.gif</Resource>
		<Resource tag="TOPIC_LOCKED">~/topic_lock.gif</Resource>
		<Resource tag="TOPIC_STICKY">~/topic_sticky.gif</Resource>
		<Resource tag="TOPIC_MOVED">~/topic_moved.gif</Resource>
		<Resource tag="TOPIC_POLL">~/topic_poll.gif</Resource>
		<Resource tag="TOPIC_POLL_NEW">~/topic_poll_new.gif</Resource>
		<Resource tag="SUBFORUM">~/icon_subforum.gif</Resource>
		<Resource tag="SUBFORUM_NEW">~/icon_subforum_new.gif</Resource>
		<Resource tag="FORUM">~/topic.png</Resource>
		<Resource tag="FORUM_NEW">~/topic_new.png</Resource>
		<Resource tag="FORUM_LOCKED">~/topic_lock.gif</Resource>
		<Resource tag="FORUM_STATS">~/chart.png</Resource>
		<Resource tag="FORUM_USERS">~/folder_who.gif</Resource>
		<Resource tag="ICON_NEWEST">~/icon_newest_reply.gif</Resource>
		<Resource tag="ICON_LATEST">~/icon_latest_reply.gif</Resource>
		<Resource tag="ATTACHED_FILE">~/icon_file.gif</Resource>
		<Resource tag="PANEL_EXPAND">~/expand.png</Resource>
		<Resource tag="PANEL_COLLAPSE">~/collapse.png</Resource>
		<Resource tag="USER_ONLINE">~/icon_useronline.png</Resource>
		<Resource tag="USER_OFFLINE">~/icon_useroffline.png</Resource>
	</page>
	<page name="SORT">
		<Resource tag="ASCENDING">~/collapse.png</Resource>
		<Resource tag="DESCENDING">~/expand.png</Resource>
	</page>
	<page name="VOTE">
    <Resource tag="LCAP">~/vote_lcap.gif</Resource>
    <Resource tag="RCAP">~/vote_rcap.gif</Resource>
    <Resource tag="BAR">~/voting_bar.gif</Resource>
    <Resource tag="POLL_CLOSED">~/lock_small.png</Resource>
    <Resource tag="POLL_QUESTION">~/poll_question.png</Resource>
    <Resource tag="POLL_CHOICE">~/poll_choice.png</Resource>
    <Resource tag="POLL_MASK">~/mask.gif</Resource>
    <Resource tag="POLL_NOTCLOSED">~/sandclock.gif</Resource>
    <Resource tag="POLL_VOTED">~/handpointer1.png</Resource>    
	</page>
	<page name="PAGE_OVERRIDE">
		<Resource tag="TOPICS">~/MobilePages/topics.ascx</Resource>
		<Resource tag="FORUM">~/MobilePages/forum.ascx</Resource>
		<Resource tag="POSTS">~/MobilePages/posts.ascx</Resource>
		<Resource tag="POSTMESSAGE">~/MobilePages/postmessage.ascx</Resource>
		<Resource tag="PROFILE">~/mobilePages/profile.ascx</Resource>
		<!--Resource tag="ADMIN_ADMIN">~/mobilepages/admin.ascx</Resource-->
		<Resource tag="MYTOPICS">~/mobilepages/mytopics.ascx</Resource>
		<!--<Resource tag="CP_PROFILE">~/mobilepages/cp_profile.ascx</Resource>-->
		<Resource tag="DISPLAYPOST">~/MobilePages/displaypost.ascx</Resource>
		<Resource tag="FORUMCATEGORYLIST">~/MobilePages/forumcategorylist.ascx</Resource>
		<Resource tag="FORUMLIST">~/MobilePages/forumlist.ascx</Resource>
		<Resource tag="FORUMACTIVEDISCUSSION">~/MobilePages/forumactivediscussion.ascx</Resource>
		<Resource tag="EMAILTOPIC">~/MobilePages/emailtopic.ascx</Resource>
		<Resource tag="MYTOPICLIST">~/MobilePages/mytopicslist.ascx</Resource>
		<!--<Resource tag="BUDDYLIST">~/MobilePages/buddylist.ascx</Resource>
		<Resource tag="CP_EDITBUDDIES">~/MobilePages/cp_editbuddies.ascx</Resource>-->
		<Resource tag="PMESSAGE">~/MobilePages/pmessage.ascx</Resource>
		<!--<Resource tag="CP_EDITPROFILE">~/MobilePages/cp_editprofile.ascx</Resource>
		<Resource tag="CP_EDITAVATAR">~/MobilePages/cp_editavatar.ascx</Resource>
		<Resource tag="CP_SIGNATURE">~/MobilePages/cp_signature.ascx</Resource>
		<Resource tag="CP_CHANGEPASSWORD">~/MobilePages/cp_changepassword.ascx</Resource>
		<Resource tag="CP_SUBSCRIPTIONS">~/MobilePages/cp_subscriptions.ascx</Resource>-->
	</page>
</Resources>
