<?xml version="1.0" encoding="utf-8" ?>
<Resources theme="YAF Pro" dir="yafpro">
  <page name="THEME">
    <Resource tag="CREDIT">YAFPro Theme Created by Jaben Cargman (&lt;a href='http://www.tinygecko.com'&gt;Tiny Gecko&lt;/a&gt;)</Resource>
    <Resource tag="HEADER">&lt;script type="text/javascript" src="~/yafpro.js"&gt;&lt;/script&gt;</Resource>
    <Resource tag="DIGESTHEAD">
      &lt;style type="text/css"&gt;
      #yaf_digest
      {
      font-family: arial,helvetica,"lucida grande",verdana,sans-serif;
      font-size: 9.5pt;
      color: #333333;
      background-color: #eee;
      }

      #yaf_digest a:link {
      color:#105CB6;
      text-decoration:none;
      }

      #yaf_digest a {
      color:#105CB6;
      text-decoration:none;
      }

      #yaf_digest h1
      {
      font-size: 14pt;
      }

      #yaf_digest .title
      {
      float: left;
      }

      #yaf_digest .top
      {
      border: 1px solid #cbd0d4;
      padding: 4px 40px 4px 40px;
      background-color:#dbe1e5;
      margin:auto;
      width:905px;
      }

      #yaf_digest .bottom
      {
      border: 1px solid #cbd0d4;
      padding: 20px 40px 20px 40px;
      background-color:#dbe1e5;
      margin:auto;
      width:905px;
      font-weight: bold;
      }

      #yaf_digest .date
      {
      float: right;
      color: #999;
      }

      #yaf_digest .emailcontainer
      {
      }
      #yaf_digest .main
      {
      clear: both;
      padding: 5px 15px 15px 15px;
      background-color:#FFFFFF;
      margin:auto;
      overflow:visible;
      width:957px;
      }
      #yaf_digest br
      {
      clear:both;
      }
      #yaf_digest h1.header
      {
      margin-top: 10px;
      background-image:url("titlebg.jpg");
      background-color: #ee6943;
      color:#FFFFFF;
      font-weight:bold;
      padding:8px;
      }
      #yaf_digest .forumTitle
      {
      color: #117711;
      padding: 8px 8px 4px 8px;
      border-bottom: 1px solid #aaa;
      margin-top: 2px;
      margin-bottom: 5px;
      }
      #yaf_digest .topic
      {
      padding-top: 4px;
      padding-left: 25px;
      padding-bottom: 4px;
      }
      #yaf_digest .comments
      {
      padding-left: 15px;
      }
      #yaf_digest .topic h3
      {
      font-size: 12pt;
      padding-bottom: 0px;
      margin-bottom: 0px;
      }
      #yaf_digest .topic a
      {
      text-decoration: underline;
      }
      #yaf_digest .topic h5
      {
      font-size: 9pt;
      padding-top: 0px;
      margin-top: 0px;
      }
      #yaf_digest .topic .shortpost
      {
      background-color: #eee;
      padding: 10px;
      margin-left: 15px;
      margin-right: 15px;
      font-size: 10pt;
      }

      #yaf_digest .topic .link
      {
      display: block;
      font-weight: bold;
      }

      #yaf_digest .topic .by
      {
      display: block;
      color: #999;
      }
      &lt;/style&gt;
    </Resource>
  </page>
	<page name="ICONS">
    <Resource tag="PM">~/icon_pm.png</Resource>
    <Resource tag="EMAIL">~/icon_email.png</Resource>
    <Resource tag="HOME">~/icon_home.png</Resource>
    <Resource tag="BLOG">~/icon_blog.png</Resource>
    <Resource tag="MSN">~/icon_msn.png</Resource>
    <Resource tag="AIM">~/icon_aim.png</Resource>
    <Resource tag="YIM">~/icon_yahoo.png</Resource>
    <Resource tag="ICQ">~/icon_icq.png</Resource>
    <Resource tag="XMPP">~/icon_xmpp.png</Resource>	
    <Resource tag="SKYPE">~/icon_skype.png</Resource>
    <Resource tag="SEARCH">~/icon_search.png</Resource>
    <Resource tag="TOPIC_NEW">~/topic_new.gif</Resource>
    <Resource tag="TOPIC">~/topic.gif</Resource>
    <Resource tag="TOPIC_ANNOUNCEMENT">~/topic_announce.gif</Resource>
    <Resource tag="TOPIC_ANNOUNCEMENT_NEW">~/topic_announce_new.gif</Resource>
    <Resource tag="TOPIC_NEW_LOCKED">~/topic_lock_new.gif</Resource>
    <Resource tag="TOPIC_LOCKED">~/topic_lock.gif</Resource>
    <Resource tag="TOPIC_STICKY">~/topic_sticky.gif</Resource>
    <Resource tag="TOPIC_MOVED">~/topic_moved.gif</Resource>
    <Resource tag="TOPIC_POLL">~/topic_poll.gif</Resource>
    <Resource tag="TOPIC_POLL_NEW">~/topic_poll_new.gif</Resource>
    <Resource tag="SUBFORUM">~/icon_subforum.gif</Resource>
    <Resource tag="SUBFORUM_NEW">~/icon_subforum_new.gif</Resource>
    <Resource tag="FORUM">~/topic.gif</Resource>
    <Resource tag="FORUM_NEW">~/topic_new.gif</Resource>
    <Resource tag="FORUM_LOCKED">~/topic_lock.gif</Resource>
    <Resource tag="FORUM_STATS">~/folder_stats.gif</Resource>
    <Resource tag="FORUM_USERS">~/folder_who.gif</Resource>
    <Resource tag="ICON_NEWEST">~/icon_newest_reply.gif</Resource>
    <Resource tag="ICON_LATEST">~/icon_latest_reply.gif</Resource>
    <Resource tag="ATTACHED_FILE">~/icon_file.gif</Resource>
    <Resource tag="PANEL_EXPAND">~/expand.gif</Resource>
    <Resource tag="PANEL_COLLAPSE">~/collapse.gif</Resource>
    <Resource tag="USER_ONLINE">~/icon_useronline.png</Resource>
    <Resource tag="USER_OFFLINE">~/icon_useroffline.png</Resource>
    <Resource tag="GENDER_MALE">~/male.gif</Resource>
    <Resource tag="GENDER_FEMALE">~/female.gif</Resource>
    <Resource tag="RSSFEED">~/rssfeed.gif</Resource>
    <Resource tag="ATOMFEED">~/atomfeed.png</Resource>
  </page>
	<page name="SORT">
		<Resource tag="ASCENDING">~/sort_up.gif</Resource>
		<Resource tag="DESCENDING">~/sort_down.gif</Resource>
	</page>
	<page name="VOTE">
		<Resource tag="LCAP">~/vote_lcap.gif</Resource>
		<Resource tag="RCAP">~/vote_rcap.gif</Resource>
		<Resource tag="BAR">~/voting_bar.gif</Resource>
    <Resource tag="POLL_CLOSED">~/lock_small.png</Resource>
    <Resource tag="POLL_QUESTION">~/poll_question.png</Resource>
    <Resource tag="POLL_CHOICE">~/poll_choice.png</Resource>
    <Resource tag="POLL_MASK">~/mask.gif</Resource>
    <Resource tag="POLL_NOTCLOSED">~/sandclock.gif</Resource>
    <Resource tag="POLL_VOTED">~/handpointer1.png</Resource>
  </page>
</Resources>
