<?xml version="1.0" encoding="utf-8" ?>
<Resources theme="YAFVision" dir="yafvision">
  <page name="THEME">
    <Resource tag="CREDIT">YAFVision Theme by Jaben Cargman (&lt;a href='http://www.tinygecko.com'&gt;Tiny Gecko&lt;/a&gt;)</Resource>
    <Resource tag="HEADER">&lt;script type="text/javascript" src="~/yafvision.js"&gt;&lt;/script&gt;</Resource>
  </page>
  <page name="FORUM">
    <Resource tag="BANNER">~/forum_banner.jpg</Resource>
  </page>
	<page name="ICONS">
    <Resource tag="PM">~/icon_pm.png</Resource>
    <Resource tag="EMAIL">~/icon_email.png</Resource>
    <Resource tag="HOME">~/icon_home.png</Resource>
    <Resource tag="BLOG">~/icon_blog.png</Resource>
    <Resource tag="MSN">~/icon_msn.png</Resource>
    <Resource tag="AIM">~/icon_aim.png</Resource>
    <Resource tag="YIM">~/icon_yahoo.png</Resource>
    <Resource tag="ICQ">~/icon_icq.png</Resource>
    <Resource tag="XMPP">~/icon_xmpp.png</Resource>	
    <Resource tag="SKYPE">~/icon_skype.png</Resource>
    <Resource tag="SEARCH">~/icon_search.png</Resource>
    <Resource tag="TOPIC_NEW">~/topic_new.png</Resource>
    <Resource tag="TOPIC">~/topic.png</Resource>
    <Resource tag="TOPIC_ANNOUNCEMENT">~/topic_announce.png</Resource>
    <Resource tag="TOPIC_ANNOUNCEMENT_NEW">~/topic_announce_new.png</Resource>
    <Resource tag="TOPIC_NEW_LOCKED">~/topic_lock_new.png</Resource>
    <Resource tag="TOPIC_LOCKED">~/topic_lock.png</Resource>
    <Resource tag="TOPIC_STICKY">~/topic_sticky.png</Resource>
    <Resource tag="TOPIC_MOVED">~/topic_moved.png</Resource>
    <Resource tag="TOPIC_POLL">~/topic_poll.png</Resource>
    <Resource tag="TOPIC_POLL_NEW">~/topic_poll_new.png</Resource>
    <Resource tag="SUBFORUM">~/icon_subforum.gif</Resource>
    <Resource tag="SUBFORUM_NEW">~/icon_subforum_new.gif</Resource>
    <Resource tag="FORUM">~/topic.png</Resource>
    <Resource tag="FORUM_NEW">~/topic_new.png</Resource>
    <Resource tag="FORUM_LOCKED">~/topic_lock.png</Resource>
    <Resource tag="FORUM_STATS">~/folder_stats.png</Resource>
    <Resource tag="FORUM_USERS">~/folder_who.png</Resource>
    <Resource tag="ICON_NEWEST">~/icon_newest_reply.gif</Resource>
    <Resource tag="ICON_LATEST">~/icon_latest_reply.gif</Resource>
    <Resource tag="ATTACHED_FILE">~/icon_file.gif</Resource>
    <Resource tag="PANEL_EXPAND">~/expand.gif</Resource>
    <Resource tag="PANEL_COLLAPSE">~/collapse.gif</Resource>
    <Resource tag="USER_ONLINE">~/icon_useronline.png</Resource>
    <Resource tag="USER_OFFLINE">~/icon_useroffline.png</Resource>
    <Resource tag="GENDER_MALE">~/male.gif</Resource>
    <Resource tag="GENDER_FEMALE">~/female.gif</Resource>
    <Resource tag="RSSFEED">~/rssfeed.gif</Resource>
    <Resource tag="ATOMFEED">~/atomfeed.png</Resource>
  </page>
  <page name="SORT">
	<Resource tag="ASCENDING">~/sort_up.gif</Resource>
	<Resource tag="DESCENDING">~/sort_down.gif</Resource>
  </page>
  <page name="VOTE">
	<Resource tag="LCAP">~/vote_lcap.gif</Resource>
	<Resource tag="RCAP">~/vote_rcap.gif</Resource>
	<Resource tag="BAR">~/voting_bar.gif</Resource>
  <Resource tag="POLL_CLOSED">~/lock_small.png</Resource>
  <Resource tag="POLL_QUESTION">~/poll_question.png</Resource>
  <Resource tag="POLL_CHOICE">~/poll_choice.png</Resource>
  <Resource tag="POLL_MASK">~/mask.gif</Resource>
  <Resource tag="POLL_NOTCLOSED">~/sandclock.gif</Resource>
  <Resource tag="POLL_VOTED">~/handpointer1.png</Resource>
  </page>
</Resources>
